{"cameraMode":{"drawMode":0,"name":"Shaded","section":"Shading Mode"},"sceneLighting":false,"audioPlay":false,"sceneViewState":{"m_AlwaysRefresh":false,"showFog":true,"showSkybox":true,"showFlares":true,"showImageEffects":true,"showParticleSystems":true,"showVisualEffectGraphs":true,"m_FxEnabled":true},"in2DMode":false,"pivot":{"x":5.869130611419678,"y":2.9609010219573976,"z":-1.8987541198730469},"rotation":{"x":0.04798201844096184,"y":-0.011391189880669117,"z":-0.0006110702524892986,"w":-0.9988424777984619},"size":24.75962257385254,"orthographic":false}